{
  "VENUS Tiny": {
    "model_class_mean_iou": 0.08228017639294768,
    "model_class_mean_dice": 0.15040081124951896,
    "model_detection_iou": 0.591363024941739,
    "model_iou_mass_volume": 0.05982080465465259,
    "model_iou_mass_volume_no_empty": 0.05982080465465259,
    "model_dice_mass_volume": 0.11118753539913429,
    "model_dice_mass_volume_no_empty": 0.11118753539913429,
    "model_accuracy": 0.9793611974060119,
    "model_precision": 0.08251475375738403,
    "model_recall": 0.9655091540823144
  }
}